open_time_unix,0
2017-08-17,0.0
2017-08-18,0.0
2017-08-19,0.0
2017-08-20,0.0
2017-08-21,0.0
2017-08-22,0.0
2017-08-23,0.0
2017-08-24,0.0
2017-08-25,0.0
2017-08-26,0.0
2017-08-27,0.0
2017-08-28,0.0
2017-08-29,0.0
2017-08-30,0.0
2017-08-31,0.0
2017-09-01,0.0
2017-09-02,0.0
2017-09-03,0.0
2017-09-04,0.0
2017-09-05,0.0
2017-09-06,0.0
2017-09-07,0.0
2017-09-08,0.0
2017-09-09,0.0
2017-09-10,0.0
2017-09-11,0.0
2017-09-12,0.0
2017-09-13,0.0
2017-09-14,0.0
2017-09-15,0.0
2017-09-16,0.0
2017-09-17,0.0
2017-09-18,0.0
2017-09-19,0.0
2017-09-20,0.0
2017-09-21,0.0
2017-09-22,0.0
2017-09-23,0.0
2017-09-24,0.0
2017-09-25,0.0
2017-09-26,0.0
2017-09-27,0.0
2017-09-28,0.0
2017-09-29,0.0
2017-09-30,0.0
2017-10-01,0.0
2017-10-02,0.0
2017-10-03,0.0
2017-10-04,0.0
2017-10-05,0.0
2017-10-06,0.0
2017-10-07,0.0
2017-10-08,0.0
2017-10-09,0.0
2017-10-10,0.0
2017-10-11,0.0
2017-10-12,0.0
2017-10-13,0.0
2017-10-14,0.0
2017-10-15,0.0
2017-10-16,0.0
2017-10-17,0.0
2017-10-18,0.0
2017-10-19,0.0
2017-10-20,0.0
2017-10-21,0.0
2017-10-22,0.0
2017-10-23,0.0
2017-10-24,0.0
2017-10-25,0.0
2017-10-26,0.0
2017-10-27,0.0
2017-10-28,0.0
2017-10-29,0.0
2017-10-30,0.0
2017-10-31,0.0
2017-11-01,0.0
2017-11-02,0.0
2017-11-03,0.0
2017-11-04,0.0
2017-11-05,0.0
2017-11-06,0.0
2017-11-07,0.0
2017-11-08,0.0
2017-11-09,0.0
2017-11-10,0.0
2017-11-11,0.0
2017-11-12,0.0
2017-11-13,0.0
2017-11-14,0.0
2017-11-15,0.0
2017-11-16,0.0
2017-11-17,0.0
2017-11-18,0.0
2017-11-19,0.0
2017-11-20,0.0
2017-11-21,0.0
2017-11-22,0.0
2017-11-23,0.0
2017-11-24,0.0
2017-11-25,0.0
2017-11-26,0.0
2017-11-27,0.0
2017-11-28,0.0
2017-11-29,0.0
2017-11-30,0.0
2017-12-01,0.0
2017-12-02,0.0
2017-12-03,0.0
2017-12-04,0.0
2017-12-05,0.0
2017-12-06,0.0
2017-12-07,0.0
2017-12-08,0.0
2017-12-09,0.0
2017-12-10,0.0
2017-12-11,0.0
2017-12-12,0.0
2017-12-13,0.0
2017-12-14,0.0
2017-12-15,0.0
2017-12-16,0.0
2017-12-17,0.0
2017-12-18,0.0
2017-12-19,0.0
2017-12-20,0.0
2017-12-21,0.0
2017-12-22,0.0
2017-12-23,0.0
2017-12-24,0.0
2017-12-25,0.0
2017-12-26,0.0
2017-12-27,0.0
2017-12-28,0.0
2017-12-29,0.0
2017-12-30,0.0
2017-12-31,0.0
2018-01-01,0.0
2018-01-02,0.0
2018-01-03,0.0
2018-01-04,0.0
2018-01-05,0.0
2018-01-06,0.0
2018-01-07,0.0
2018-01-08,0.0
2018-01-09,0.0
2018-01-10,0.0
2018-01-11,0.0
2018-01-12,0.0
2018-01-13,0.0
2018-01-14,0.0
2018-01-15,0.0
2018-01-16,0.0
2018-01-17,0.0
2018-01-18,0.0
2018-01-19,0.0
2018-01-20,0.0
2018-01-21,0.0
2018-01-22,0.0
2018-01-23,0.0
2018-01-24,0.0
2018-01-25,0.0
2018-01-26,0.0
2018-01-27,0.0
2018-01-28,0.0
2018-01-29,0.0
2018-01-30,0.0
2018-01-31,0.0
2018-02-01,0.0
2018-02-02,0.0
2018-02-03,0.0
2018-02-04,0.0
2018-02-05,0.0
2018-02-06,0.0
2018-02-07,0.0
2018-02-08,0.0
2018-02-09,0.0
2018-02-10,0.0
2018-02-11,0.0
2018-02-12,0.0
2018-02-13,0.0
2018-02-14,0.0
2018-02-15,0.0
2018-02-16,0.0
2018-02-17,0.0
2018-02-18,0.0
2018-02-19,0.0
2018-02-20,0.0
2018-02-21,0.0
2018-02-22,0.0
2018-02-23,0.0
2018-02-24,0.0
2018-02-25,0.0
2018-02-26,0.0
2018-02-27,0.0
2018-02-28,0.0
2018-03-01,0.0
2018-03-02,0.0
2018-03-03,0.0
2018-03-04,0.0
2018-03-05,0.0
2018-03-06,0.0
2018-03-07,0.0
2018-03-08,0.0
2018-03-09,0.0
2018-03-10,0.0
2018-03-11,0.0
2018-03-12,0.0
2018-03-13,0.0
2018-03-14,0.0
2018-03-15,0.0
2018-03-16,0.0
2018-03-17,0.0
2018-03-18,0.0
2018-03-19,0.0
2018-03-20,0.0
2018-03-21,0.0
2018-03-22,0.0
2018-03-23,0.0
2018-03-24,0.0
2018-03-25,0.0
2018-03-26,0.0
2018-03-27,0.0
2018-03-28,0.0
2018-03-29,0.0
2018-03-30,0.0
2018-03-31,0.0
2018-04-01,0.0
2018-04-02,0.0
2018-04-03,0.0
2018-04-04,0.0
2018-04-05,0.0
2018-04-06,0.0
2018-04-07,0.0
2018-04-08,0.0
2018-04-09,0.0
2018-04-10,0.0
2018-04-11,0.0
2018-04-12,0.0
2018-04-13,0.0
2018-04-14,0.0
2018-04-15,0.0
2018-04-16,0.0
2018-04-17,0.0
2018-04-18,0.0
2018-04-19,0.0
2018-04-20,0.0
2018-04-21,0.0
2018-04-22,0.0
2018-04-23,0.0
2018-04-24,0.0
2018-04-25,0.0
2018-04-26,0.0
2018-04-27,0.0
2018-04-28,0.0
2018-04-29,0.0
2018-04-30,0.0
2018-05-01,0.0
2018-05-02,0.0
2018-05-03,0.0
2018-05-04,0.0
2018-05-05,0.0
2018-05-06,0.0
2018-05-07,0.0
2018-05-08,0.0
2018-05-09,0.0
2018-05-10,0.0
2018-05-11,0.0
2018-05-12,0.0
2018-05-13,0.0
2018-05-14,0.0
2018-05-15,0.0
2018-05-16,0.0
2018-05-17,0.0
2018-05-18,0.0
2018-05-19,0.0
2018-05-20,0.0
2018-05-21,0.0
2018-05-22,0.0
2018-05-23,0.0
2018-05-24,0.0
2018-05-25,0.0
2018-05-26,0.0
2018-05-27,0.0
2018-05-28,0.0
2018-05-29,0.0
2018-05-30,0.0
2018-05-31,0.0
2018-06-01,0.0
2018-06-02,0.0
2018-06-03,0.0
2018-06-04,0.0
2018-06-05,0.0
2018-06-06,0.0
2018-06-07,0.0
2018-06-08,0.0
2018-06-09,0.0
2018-06-10,0.0
2018-06-11,0.0
2018-06-12,0.0
2018-06-13,0.0
2018-06-14,0.0
2018-06-15,0.0
2018-06-16,0.0
2018-06-17,0.0
2018-06-18,0.0
2018-06-19,0.0
2018-06-20,-0.004875348798321706
2018-06-21,-0.01043197675481507
2018-06-22,-0.019669835459911637
2018-06-23,-0.019669835459911637
2018-06-24,-0.019669835459911637
2018-06-25,-0.019669835459911637
2018-06-26,-0.019669835459911637
2018-06-27,-0.019669835459911637
2018-06-28,-0.019669835459911637
2018-06-29,-0.019669835459911637
2018-06-30,-0.019669835459911637
2018-07-01,-0.033953057909335525
2018-07-02,-0.042387361938397136
2018-07-03,-0.042387361938397136
2018-07-04,-0.042387361938397136
2018-07-05,-0.042387361938397136
2018-07-06,-0.03697282762801447
2018-07-07,-0.03697282762801447
2018-07-08,-0.03697282762801447
2018-07-09,-0.03697282762801447
2018-07-10,-0.03697282762801447
2018-07-11,-0.03697282762801447
2018-07-12,-0.03697282762801447
2018-07-13,-0.03697282762801447
2018-07-14,-0.03697282762801447
2018-07-15,-0.03697282762801447
2018-07-16,-0.03697282762801447
2018-07-17,-0.04783627945083088
2018-07-18,0.05371520064359901
2018-07-19,0.07705550849429091
2018-07-20,0.05773852676269841
2018-07-21,0.05773852676269841
2018-07-22,0.05773852676269841
2018-07-23,0.05773852676269841
2018-07-24,0.05773852676269841
2018-07-25,0.05773852676269841
2018-07-26,0.05773852676269841
2018-07-27,0.05773852676269841
2018-07-28,0.05773852676269841
2018-07-29,0.05773852676269841
2018-07-30,0.05773852676269841
2018-07-31,0.05773852676269841
2018-08-01,0.05773852676269841
2018-08-02,0.05773852676269841
2018-08-03,0.05773852676269841
2018-08-04,0.05773852676269841
2018-08-05,0.05773852676269841
2018-08-06,0.05773852676269841
2018-08-07,0.05773852676269841
2018-08-08,0.05773852676269841
2018-08-09,0.05773852676269841
2018-08-10,0.05773852676269841
2018-08-11,0.05773852676269841
2018-08-12,0.05773852676269841
2018-08-13,0.05773852676269841
2018-08-14,0.05773852676269841
2018-08-15,0.05773852676269841
2018-08-16,0.05773852676269841
2018-08-17,0.05773852676269841
2018-08-18,0.06975584965532305
2018-08-19,0.06495858639535833
2018-08-20,0.06731851220010349
2018-08-21,0.06731851220010349
2018-08-22,0.06731851220010349
2018-08-23,0.06731851220010349
2018-08-24,0.06731851220010349
2018-08-25,0.06731851220010349
2018-08-26,0.06731851220010349
2018-08-27,0.06731851220010349
2018-08-28,0.06731851220010349
2018-08-29,0.06731851220010349
2018-08-30,0.06731851220010349
2018-08-31,0.06731851220010349
2018-09-01,0.06731851220010349
2018-09-02,0.06731851220010349
2018-09-03,0.06731851220010349
2018-09-04,0.06731851220010349
2018-09-05,0.06731851220010349
2018-09-06,0.06731851220010349
2018-09-07,0.06731851220010349
2018-09-08,0.06731851220010349
2018-09-09,0.06731851220010349
2018-09-10,0.06731851220010349
2018-09-11,0.06731851220010349
2018-09-12,0.06731851220010349
2018-09-13,0.06731851220010349
2018-09-14,0.06781969605914845
2018-09-15,0.06386847789109901
2018-09-16,0.06554889281561647
2018-09-17,0.06554889281561647
2018-09-18,0.06554889281561647
2018-09-19,0.06554889281561647
2018-09-20,0.06554889281561647
2018-09-21,0.06554889281561647
2018-09-22,0.06554889281561647
2018-09-23,0.06554889281561647
2018-09-24,0.06554889281561647
2018-09-25,0.06554889281561647
2018-09-26,0.06554889281561647
2018-09-27,0.06554889281561647
2018-09-28,0.06554889281561647
2018-09-29,0.06554889281561647
2018-09-30,0.06554889281561647
2018-10-01,0.06554889281561647
2018-10-02,0.06554889281561647
2018-10-03,0.06554889281561647
2018-10-04,0.06554889281561647
2018-10-05,0.06554889281561647
2018-10-06,0.06554889281561647
2018-10-07,0.06554889281561647
2018-10-08,0.06554889281561647
2018-10-09,0.06554889281561647
2018-10-10,0.06554889281561647
2018-10-11,0.06554889281561647
2018-10-12,0.06554889281561647
2018-10-13,0.06554889281561647
2018-10-14,0.06554889281561647
2018-10-15,0.06554889281561647
2018-10-16,0.06554889281561647
2018-10-17,0.06554889281561647
2018-10-18,0.06554889281561647
2018-10-19,0.06554889281561647
2018-10-20,0.06554889281561647
2018-10-21,0.06554889281561647
2018-10-22,0.06554889281561647
2018-10-23,0.06554889281561647
2018-10-24,0.06554889281561647
2018-10-25,0.06554889281561647
2018-10-26,0.06554889281561647
2018-10-27,0.06554889281561647
2018-10-28,0.06554889281561647
2018-10-29,0.0628749026163185
2018-10-30,0.06178030438981136
2018-10-31,0.061881392510277
2018-11-01,0.061881392510277
2018-11-02,0.061881392510277
2018-11-03,0.061881392510277
2018-11-04,0.061881392510277
2018-11-05,0.061881392510277
2018-11-06,0.061881392510277
2018-11-07,0.061881392510277
2018-11-08,0.05381306218205804
2018-11-09,0.04358246479056158
2018-11-10,0.039776073024721914
2018-11-11,0.039776073024721914
2018-11-12,0.039776073024721914
2018-11-13,0.039776073024721914
2018-11-14,0.039776073024721914
2018-11-15,0.039776073024721914
2018-11-16,0.039776073024721914
2018-11-17,0.039776073024721914
2018-11-18,0.039776073024721914
2018-11-19,0.039776073024721914
2018-11-20,0.039776073024721914
2018-11-21,0.039776073024721914
2018-11-22,0.039776073024721914
2018-11-23,0.039776073024721914
2018-11-24,0.039776073024721914
2018-11-25,0.039776073024721914
2018-11-26,0.039776073024721914
2018-11-27,0.039776073024721914
2018-11-28,0.039776073024721914
2018-11-29,0.039776073024721914
2018-11-30,0.039776073024721914
2018-12-01,0.039776073024721914
2018-12-02,0.039776073024721914
2018-12-03,0.039776073024721914
2018-12-04,0.039776073024721914
2018-12-05,0.039776073024721914
2018-12-06,0.039776073024721914
2018-12-07,0.039776073024721914
2018-12-08,0.039776073024721914
2018-12-09,0.039776073024721914
2018-12-10,0.039776073024721914
2018-12-11,0.039776073024721914
2018-12-12,0.039776073024721914
2018-12-13,0.039776073024721914
2018-12-14,0.039776073024721914
2018-12-15,0.039776073024721914
2018-12-16,0.039776073024721914
2018-12-17,0.039776073024721914
2018-12-18,0.04312689661946436
2018-12-19,0.044301776872100115
2018-12-20,0.023580454782271134
2018-12-21,0.023580454782271134
2018-12-22,0.023580454782271134
2018-12-23,0.023580454782271134
2018-12-24,0.023580454782271134
2018-12-25,0.023580454782271134
2018-12-26,0.023580454782271134
2018-12-27,0.023580454782271134
2018-12-28,0.023580454782271134
2018-12-29,0.023580454782271134
2018-12-30,0.023580454782271134
2018-12-31,0.023580454782271134
2019-01-01,0.023580454782271134
2019-01-02,0.023580454782271134
2019-01-03,0.023580454782271134
2019-01-04,0.023580454782271134
2019-01-05,0.023580454782271134
2019-01-06,0.023580454782271134
2019-01-07,0.023580454782271134
2019-01-08,0.023580454782271134
2019-01-09,0.023580454782271134
2019-01-10,0.023580454782271134
2019-01-11,0.023580454782271134
2019-01-12,0.023580454782271134
2019-01-13,0.023580454782271134
2019-01-14,0.023580454782271134
2019-01-15,0.023580454782271134
2019-01-16,0.023580454782271134
2019-01-17,0.023580454782271134
2019-01-18,0.023580454782271134
2019-01-19,0.023580454782271134
2019-01-20,0.023580454782271134
2019-01-21,0.023580454782271134
2019-01-22,0.023580454782271134
2019-01-23,0.023580454782271134
2019-01-24,0.023580454782271134
2019-01-25,0.023580454782271134
2019-01-26,0.023580454782271134
2019-01-27,0.023580454782271134
2019-01-28,0.023580454782271134
2019-01-29,0.023580454782271134
2019-01-30,0.023580454782271134
2019-01-31,0.023580454782271134
2019-02-01,0.023580454782271134
2019-02-02,0.023580454782271134
2019-02-03,0.023580454782271134
2019-02-04,0.023580454782271134
2019-02-05,0.023580454782271134
2019-02-06,0.023580454782271134
2019-02-07,0.023580454782271134
2019-02-08,0.023580454782271134
2019-02-09,0.02668935522964413
2019-02-10,0.03252526749755279
2019-02-11,0.04047959137385962
2019-02-12,0.04219182822244641
2019-02-13,0.04219182822244641
2019-02-14,0.04219182822244641
2019-02-15,0.04219182822244641
2019-02-16,0.04219182822244641
2019-02-17,0.04219182822244641
2019-02-18,0.04219182822244641
2019-02-19,0.04219182822244641
2019-02-20,0.04219182822244641
2019-02-21,0.04219182822244641
2019-02-22,0.04219182822244641
2019-02-23,0.04219182822244641
2019-02-24,0.04219182822244641
2019-02-25,0.04219182822244641
2019-02-26,0.04219182822244641
2019-02-27,0.04219182822244641
2019-02-28,0.04219182822244641
2019-03-01,0.04219182822244641
2019-03-02,0.04219182822244641
2019-03-03,0.04219182822244641
2019-03-04,0.04219182822244641
2019-03-05,0.04219182822244641
2019-03-06,0.04219182822244641
2019-03-07,0.04219182822244641
2019-03-08,0.04219182822244641
2019-03-09,0.04219182822244641
2019-03-10,0.04219182822244641
2019-03-11,0.04219182822244641
2019-03-12,0.04219182822244641
2019-03-13,0.04219182822244641
2019-03-14,0.04219182822244641
2019-03-15,0.04219182822244641
2019-03-16,0.05158963639685997
2019-03-17,0.05575962213671876
2019-03-18,0.07904512751340437
2019-03-19,0.07904512751340437
2019-03-20,0.07904512751340437
2019-03-21,0.07904512751340437
2019-03-22,0.07904512751340437
2019-03-23,0.07904512751340437
2019-03-24,0.07904512751340437
2019-03-25,0.07904512751340437
2019-03-26,0.07904512751340437
2019-03-27,0.07904512751340437
2019-03-28,0.07904512751340437
2019-03-29,0.07904512751340437
2019-03-30,0.07904512751340437
2019-03-31,0.07904512751340437
2019-04-01,0.07904512751340437
2019-04-02,0.07904512751340437
2019-04-03,0.07904512751340437
2019-04-04,0.07435418401715478
2019-04-05,0.06768242736632614
2019-04-06,0.07088985732011574
2019-04-07,0.07088985732011574
2019-04-08,0.07088985732011574
2019-04-09,0.07088985732011574
2019-04-10,0.07088985732011574
2019-04-11,0.07088985732011574
2019-04-12,0.07088985732011574
2019-04-13,0.07088985732011574
2019-04-14,0.07088985732011574
2019-04-15,0.07088985732011574
2019-04-16,0.07088985732011574
2019-04-17,0.07088985732011574
2019-04-18,0.07088985732011574
2019-04-19,0.07088985732011574
2019-04-20,0.07088985732011574
2019-04-21,0.07088985732011574
2019-04-22,0.07088985732011574
2019-04-23,0.07088985732011574
2019-04-24,0.07088985732011574
2019-04-25,0.07088985732011574
2019-04-26,0.07088985732011574
2019-04-27,0.07088985732011574
2019-04-28,0.07088985732011574
2019-04-29,0.07088985732011574
2019-04-30,0.07088985732011574
2019-05-01,0.07088985732011574
2019-05-02,0.07088985732011574
2019-05-03,0.07088985732011574
2019-05-04,0.07088985732011574
2019-05-05,0.07088985732011574
2019-05-06,0.07088985732011574
2019-05-07,0.07088985732011574
2019-05-08,0.07088985732011574
2019-05-09,0.07088985732011574
2019-05-10,0.07088985732011574
2019-05-11,0.07088985732011574
2019-05-12,0.06176721872596263
2019-05-13,-0.0907752119177836
2019-05-14,-0.04205962702150466
2019-05-15,0.014179465049922423
2019-05-16,0.19139090872935954
2019-05-17,0.2055100622190687
2019-05-18,0.2055100622190687
2019-05-19,0.2588334338064575
2019-05-20,0.2588334338064575
2019-05-21,0.2588334338064575
2019-05-22,0.2588334338064575
2019-05-23,0.2588334338064575
2019-05-24,0.2588334338064575
2019-05-25,0.2588334338064575
2019-05-26,0.2588334338064575
2019-05-27,0.2588334338064575
2019-05-28,0.2588334338064575
2019-05-29,0.2588334338064575
2019-05-30,0.3358451537629118
2019-05-31,0.32737833839211233
2019-06-01,0.32724415819308955
2019-06-02,0.32724415819308955
2019-06-03,0.32724415819308955
2019-06-04,0.32724415819308955
2019-06-05,0.32724415819308955
2019-06-06,0.32724415819308955
2019-06-07,0.32724415819308955
2019-06-08,0.32724415819308955
2019-06-09,0.32724415819308955
2019-06-10,0.32724415819308955
2019-06-11,0.32724415819308955
2019-06-12,0.32724415819308955
2019-06-13,0.32724415819308955
2019-06-14,0.32724415819308955
2019-06-15,0.32724415819308955
2019-06-16,0.32724415819308955
2019-06-17,0.32724415819308955
2019-06-18,0.32724415819308955
2019-06-19,0.32724415819308955
2019-06-20,0.32724415819308955
2019-06-21,0.32724415819308955
2019-06-22,0.32724415819308955
2019-06-23,0.32724415819308955
2019-06-24,0.32724415819308955
2019-06-25,0.32724415819308955
2019-06-26,0.32724415819308955
2019-06-27,0.32724415819308955
2019-06-28,0.32724415819308955
2019-06-29,0.32724415819308955
2019-06-30,0.32724415819308955
2019-07-01,0.32724415819308955
2019-07-02,0.32724415819308955
2019-07-03,0.32724415819308955
2019-07-04,0.32724415819308955
2019-07-05,0.32724415819308955
2019-07-06,0.32724415819308955
2019-07-07,0.32724415819308955
2019-07-08,0.32724415819308955
2019-07-09,0.32724415819308955
2019-07-10,0.32724415819308955
2019-07-11,0.32724415819308955
2019-07-12,0.32724415819308955
2019-07-13,0.32724415819308955
2019-07-14,0.32724415819308955
2019-07-15,0.32724415819308955
2019-07-16,0.32724415819308955
2019-07-17,0.32724415819308955
2019-07-18,0.32724415819308955
2019-07-19,0.32724415819308955
2019-07-20,0.32724415819308955
2019-07-21,0.3225987611434855
2019-07-22,0.3657992090349506
2019-07-23,0.3646529494262133
2019-07-24,0.3646529494262133
2019-07-25,0.35026731248440174
2019-07-26,0.35026731248440174
2019-07-27,0.35026731248440174
2019-07-28,0.35026731248440174
2019-07-29,0.35026731248440174
2019-07-30,0.35026731248440174
2019-07-31,0.35026731248440174
2019-08-01,0.35026731248440174
2019-08-02,0.35026731248440174
2019-08-03,0.35026731248440174
2019-08-04,0.35026731248440174
2019-08-05,0.35026731248440174
2019-08-06,0.35026731248440174
2019-08-07,0.35135845551958095
2019-08-08,0.3745916325583615
2019-08-09,0.4204103896851215
2019-08-10,0.36108764891472
2019-08-11,0.36108764891472
2019-08-12,0.36108764891472
2019-08-13,0.376125634864181
2019-08-14,0.38032423238783436
2019-08-15,0.38419167004821053
2019-08-16,0.38419167004821053
2019-08-17,0.38419167004821053
2019-08-18,0.38419167004821053
2019-08-19,0.38419167004821053
2019-08-20,0.3923863034642788
2019-08-21,0.38902413002725245
2019-08-22,0.39532620079300745
2019-08-23,0.39532620079300745
2019-08-24,0.3866531546121532
2019-08-25,0.40763855567287477
2019-08-26,0.4112121263412955
2019-08-27,0.4001812794143267
2019-08-28,0.3994111384871655
2019-08-29,0.385986909694983
2019-08-30,0.385986909694983
2019-08-31,0.385986909694983
2019-09-01,0.385986909694983
2019-09-02,0.385986909694983
2019-09-03,0.385986909694983
2019-09-04,0.39838889512481285
2019-09-05,0.43246365042517415
2019-09-06,0.39680512502110216
2019-09-07,0.40182152202439536
2019-09-08,0.41076275493287506
2019-09-09,0.37758081201536864
2019-09-10,0.4157379869045293
2019-09-11,0.4460987575145998
2019-09-12,0.38482168979144715
2019-09-13,0.38482168979144715
2019-09-14,0.38482168979144715
2019-09-15,0.4198140987809266
2019-09-16,0.4265602266422367
2019-09-17,0.4198183203544337
2019-09-18,0.38862571079048874
2019-09-19,0.37222133466478724
2019-09-20,0.4488577577811977
2019-09-21,0.4386420192678666
2019-09-22,0.4257828191378413
2019-09-23,0.4096577106653303
2019-09-24,0.35367355541071077
2019-09-25,0.35367355541071077
2019-09-26,0.35367355541071077
2019-09-27,0.35367355541071077
2019-09-28,0.35367355541071077
2019-09-29,0.35367355541071077
2019-09-30,0.35367355541071077
2019-10-01,0.4006260259306275
2019-10-02,0.3899455980610786
2019-10-03,0.3877423145679899
2019-10-04,0.36303514313603574
2019-10-05,0.36154595491924396
2019-10-06,0.4371243044103926
2019-10-07,0.4551803758768693
2019-10-08,0.39508666815632737
2019-10-09,0.30881865758862304
2019-10-10,0.19979444589334266
2019-10-11,0.2056726074204008
2019-10-12,0.21989825752489844
2019-10-13,0.21989825752489844
2019-10-14,0.21989825752489844
2019-10-15,0.21989825752489844
2019-10-16,0.2650122032521807
2019-10-17,0.27388382823080226
2019-10-18,0.2791216406005394
2019-10-19,0.2791216406005394
2019-10-20,0.2791216406005394
2019-10-21,0.2791216406005394
2019-10-22,0.2791216406005394
2019-10-23,0.2791216406005394
2019-10-24,0.2791216406005394
2019-10-25,0.2791216406005394
2019-10-26,0.2775054758183321
2019-10-27,0.25351300265963744
2019-10-28,0.2272295330993375
2019-10-29,0.23499134340772077
2019-10-30,0.24081351801884654
2019-10-31,0.23297582290833516
2019-11-01,0.23297582290833516
2019-11-02,0.29594809420446555
2019-11-03,0.3152743732650329
2019-11-04,0.41085165238019294
2019-11-05,0.42365373495444236
2019-11-06,0.39880117594166264
2019-11-07,0.45602741383997086
2019-11-08,0.46045430347717153
2019-11-09,0.46572552404065787
2019-11-10,0.46572552404065787
2019-11-11,0.46572552404065787
2019-11-12,0.46572552404065787
2019-11-13,0.4462560786829474
2019-11-14,0.44855314814969327
2019-11-15,0.46722018309093605
2019-11-16,0.46722018309093605
2019-11-17,0.46722018309093605
2019-11-18,0.4992033406194864
2019-11-19,0.5199532387127859
2019-11-20,0.5442642372689638
2019-11-21,0.5442642372689638
2019-11-22,0.5442642372689638
2019-11-23,0.5442642372689638
2019-11-24,0.5592961840064722
2019-11-25,0.5863636883976732
2019-11-26,0.6081967817312603
2019-11-27,0.6514774520797794
2019-11-28,0.6250521975854244
2019-11-29,0.6419275566222787
2019-11-30,0.6876084442980732
2019-12-01,0.6531347239658792
2019-12-02,0.6541347014313617
2019-12-03,0.6587950885710628
2019-12-04,0.6587950885710628
2019-12-05,0.6587950885710628
2019-12-06,0.6587950885710628
2019-12-07,0.6482268750509842
2019-12-08,0.6317469506880075
2019-12-09,0.6099075161376922
2019-12-10,0.6315067829051877
2019-12-11,0.6151778094978845
2019-12-12,0.5980031966809644
2019-12-13,0.5980031966809644
2019-12-14,0.5980031966809644
2019-12-15,0.5980031966809644
2019-12-16,0.5980031966809644
2019-12-17,0.5980031966809644
2019-12-18,0.5980031966809644
2019-12-19,0.5980031966809644
2019-12-20,0.6243353443381858
2019-12-21,0.6164298585587679
2019-12-22,0.6039198517676884
2019-12-23,0.616163577344325
2019-12-24,0.6002537180014144
2019-12-25,0.632435960218739
2019-12-26,0.6348449167593776
2019-12-27,0.6589661085091987
2019-12-28,0.6452684965909387
2019-12-29,0.6360077714889552
2019-12-30,0.6418590588562534
2019-12-31,0.6999189870790508
2020-01-01,0.6960986523989967
2020-01-02,0.6914584021228993
2020-01-03,0.6914584021228993
2020-01-04,0.6993433762409934
2020-01-05,0.687022088908198
2020-01-06,0.7887701021583983
2020-01-07,0.8294119368371107
2020-01-08,0.8280640804471616
2020-01-09,0.8323745257799215
2020-01-10,0.8388427489391187
2020-01-11,0.8284354777282883
2020-01-12,0.8424052792371136
2020-01-13,0.8444817194275608
2020-01-14,0.9249863021312639
2020-01-15,0.9208835631035148
2020-01-16,0.9208835631035148
2020-01-17,0.9657432889563503
2020-01-18,0.9742965212532793
2020-01-19,1.0425134887075402
2020-01-20,1.0624773130640726
2020-01-21,1.041901789615486
2020-01-22,0.9792089734191157
2020-01-23,0.9675051592818316
2020-01-24,0.9893856865976012
2020-01-25,0.9893856865976012
2020-01-26,0.9893856865976012
2020-01-27,0.9554262842895068
2020-01-28,0.9294425287370985
2020-01-29,0.9338892626361829
2020-01-30,0.9338892626361829
2020-01-31,0.9338892626361829
2020-02-01,0.9379863389802123
2020-02-02,0.9473392786974549
2020-02-03,0.9334038578741823
2020-02-04,0.9345691681994566
2020-02-05,0.9836285279587125
2020-02-06,0.9867042995111063
2020-02-07,0.9781442168634703
2020-02-08,0.9678431744035318
2020-02-09,0.9678431744035318
2020-02-10,0.9651018577620288
2020-02-11,0.9571000645435213
2020-02-12,0.9244575665670549
2020-02-13,0.9367273231796537
2020-02-14,0.9286144547314408
2020-02-15,0.9242053270504244
2020-02-16,0.8955729571545299
2020-02-17,0.8955729571545299
2020-02-18,0.8955729571545299
2020-02-19,0.8955729571545299
2020-02-20,0.8955729571545299
2020-02-21,0.8955729571545299
2020-02-22,0.8955729571545299
2020-02-23,0.8955729571545299
2020-02-24,0.8955729571545299
2020-02-25,0.8955729571545299
2020-02-26,0.8955729571545299
2020-02-27,0.8955729571545299
2020-02-28,0.8955729571545299
2020-02-29,0.8955729571545299
2020-03-01,0.8955729571545299
2020-03-02,0.8955729571545299
2020-03-03,0.8666532626511706
2020-03-04,0.8896716750278612
2020-03-05,0.9646567761192518
2020-03-06,0.9720943741869953
2020-03-07,0.9754029536719014
2020-03-08,0.959237768139885
2020-03-09,0.9608122255164463
2020-03-10,0.9728594580120321
2020-03-11,0.9728594580120321
2020-03-12,0.9728594580120321
2020-03-13,0.9728594580120321
2020-03-14,0.9728594580120321
2020-03-15,0.9728594580120321
2020-03-16,0.9728594580120321
2020-03-17,0.9728594580120321
2020-03-18,0.9728594580120321
2020-03-19,0.9728594580120321
2020-03-20,0.9539460196871133
2020-03-21,0.9626209169033906
2020-03-22,0.9705409377523856
2020-03-23,0.9735136867745625
2020-03-24,1.021524817937995
2020-03-25,1.0148252829058004
2020-03-26,1.0120734360018053
2020-03-27,0.9748460209481881
2020-03-28,0.9872084820667185
2020-03-29,0.9942031738051198
2020-03-30,0.9781564803651404
2020-03-31,0.9781564803651404
2020-04-01,0.9781564803651404
2020-04-02,0.9781564803651404
2020-04-03,0.9781564803651404
2020-04-04,0.9826236948835466
2020-04-05,0.9953880096125253
2020-04-06,1.0218694849395826
2020-04-07,1.0171483124508984
2020-04-08,1.0460507747916898
2020-04-09,1.0420854961788835
2020-04-10,1.0266472688865274
2020-04-11,1.0408181432382126
2020-04-12,1.0364278370507929
2020-04-13,1.0368549838238676
2020-04-14,1.0368549838238676
2020-04-15,1.0368549838238676
2020-04-16,1.0368549838238676
2020-04-17,1.0368549838238676
2020-04-18,1.0368549838238676
2020-04-19,1.0366630053201529
2020-04-20,1.026464051922132
2020-04-21,1.0486498096095478
2020-04-22,1.0337171784035124
2020-04-23,1.0337171784035124
2020-04-24,1.0337171784035124
2020-04-25,1.0337171784035124
2020-04-26,1.0337171784035124
2020-04-27,1.0337171784035124
2020-04-28,1.03792330401165
2020-04-29,1.0407557215442669
2020-04-30,1.063428537024756
2020-05-01,1.071985241227546
2020-05-02,1.08126355004626
2020-05-03,1.0740277850835414
2020-05-04,1.0559523206389625
2020-05-05,1.0632442408259553
2020-05-06,1.0646530260485065
2020-05-07,1.0646530260485065
2020-05-08,1.0646530260485065
2020-05-09,1.0646530260485065
2020-05-10,1.0646530260485065
2020-05-11,1.0646530260485065
2020-05-12,1.0646530260485065
2020-05-13,1.0646530260485065
2020-05-14,1.0646530260485065
2020-05-15,1.0646530260485065
2020-05-16,1.0646530260485065
2020-05-17,1.0646530260485065
2020-05-18,1.0646530260485065
2020-05-19,1.0646530260485065
2020-05-20,1.0646530260485065
2020-05-21,1.0646530260485065
2020-05-22,1.0646530260485065
2020-05-23,1.0646530260485065
2020-05-24,1.0646530260485065
2020-05-25,1.0646530260485065
2020-05-26,1.0646530260485065
2020-05-27,1.0646530260485065
2020-05-28,1.0646530260485065
2020-05-29,1.0646530260485065
2020-05-30,1.0646530260485065
2020-05-31,1.0646530260485065
2020-06-01,1.0646530260485065
2020-06-02,1.0646530260485065
2020-06-03,1.0646530260485065
2020-06-04,1.0646530260485065
2020-06-05,1.0646530260485065
2020-06-06,1.0646530260485065
2020-06-07,1.0646530260485065
2020-06-08,1.0646530260485065
2020-06-09,1.0646530260485065
2020-06-10,1.0646530260485065
2020-06-11,1.0646530260485065
2020-06-12,1.0646530260485065
2020-06-13,1.0646530260485065
2020-06-14,1.0646530260485065
2020-06-15,1.0745552123932174
2020-06-16,1.0657816308337034
2020-06-17,1.0487763577207396
2020-06-18,1.0487763577207396
2020-06-19,1.0487763577207396
2020-06-20,1.0489718808870254
2020-06-21,1.054550742974116
2020-06-22,1.0620938962696123
2020-06-23,1.0620938962696123
2020-06-24,1.0620938962696123
2020-06-25,1.0620938962696123
2020-06-26,1.0620938962696123
2020-06-27,1.0620938962696123
2020-06-28,1.0620938962696123
2020-06-29,1.0527242770198544
2020-06-30,1.0212930911793696
2020-07-01,1.0284423797405229
2020-07-02,1.0284423797405229
2020-07-03,1.003661178203765
2020-07-04,0.9621960306541182
2020-07-05,0.9553673743567076
2020-07-06,0.9853224867237078
2020-07-07,0.9873419726320477
2020-07-08,0.9690724619204976
2020-07-09,0.9433183113168914
2020-07-10,1.0501250771906558
2020-07-11,1.0158771474724664
2020-07-12,1.0011222134995785
2020-07-13,1.0011222134995785
2020-07-14,1.0011222134995785
2020-07-15,1.0011222134995785
2020-07-16,0.9764573799661096
2020-07-17,0.9895912230803126
2020-07-18,0.988829400325495
2020-07-19,0.988829400325495
2020-07-20,0.964476646390555
2020-07-21,0.9821867889735264
2020-07-22,0.9694559032989911
2020-07-23,0.9966380493878181
2020-07-24,0.9966380493878181
2020-07-25,0.9966380493878181
2020-07-26,0.9966380493878181
2020-07-27,0.9966380493878181
2020-07-28,0.9966380493878181
2020-07-29,0.9966380493878181
2020-07-30,0.9966380493878181
2020-07-31,0.9699356306562635
2020-08-01,0.9853734813929615
2020-08-02,1.005389170055605
2020-08-03,1.005389170055605
2020-08-04,1.005389170055605
2020-08-05,1.005389170055605
2020-08-06,1.005389170055605
2020-08-07,1.005389170055605
2020-08-08,1.005389170055605
2020-08-09,1.005389170055605
2020-08-10,1.013335227808195
2020-08-11,1.0091738407586444
2020-08-12,1.0271334564313452
2020-08-13,1.0712940359375376
2020-08-14,1.0692228098601033
2020-08-15,1.0692228098601033
2020-08-16,1.0692228098601033
2020-08-17,1.0692228098601033
2020-08-18,1.0692228098601033
2020-08-19,1.0692228098601033
2020-08-20,1.0692228098601033
2020-08-21,1.0964253719071557
2020-08-22,1.066678527133937
2020-08-23,1.054485145773467
2020-08-24,1.0957655109658004
2020-08-25,1.08646290063821
2020-08-26,1.1216411330117861
2020-08-27,1.1216411330117861
2020-08-28,1.1216411330117861
2020-08-29,1.1216411330117861
2020-08-30,1.1216411330117861
2020-08-31,1.1216411330117861
2020-09-01,1.1216411330117861
2020-09-02,1.1216411330117861
2020-09-03,1.1216411330117861
2020-09-04,1.1216411330117861
2020-09-05,1.1216411330117861
2020-09-06,1.1216411330117861
2020-09-07,1.1216411330117861
2020-09-08,1.1216411330117861
2020-09-09,1.1216411330117861
2020-09-10,1.1216411330117861
2020-09-11,1.1143201220482004
2020-09-12,1.1009407877537876
2020-09-13,1.0547732031176464
2020-09-14,1.123099578396903
2020-09-15,1.0673442341652128
2020-09-16,0.971089744262729
2020-09-17,0.9512441671115999
2020-09-18,0.9373159677521065
2020-09-19,0.9373159677521065
2020-09-20,0.9373159677521065
2020-09-21,0.9373159677521065
2020-09-22,0.9373159677521065
2020-09-23,0.9431017147243503
2020-09-24,0.9365238103747537
2020-09-25,0.9687537584126952
2020-09-26,0.9460943545418083
2020-09-27,0.9740774516804229
2020-09-28,0.9710487632594951
2020-09-29,0.927182101319098
2020-09-30,0.927182101319098
2020-10-01,0.9025108615676533
2020-10-02,0.8840515215368813
2020-10-03,0.8529473584804492
2020-10-04,0.8769943189842709
2020-10-05,0.8769943189842709
2020-10-06,0.8769943189842709
2020-10-07,0.8769943189842709
2020-10-08,0.8769943189842709
2020-10-09,0.8752763337879838
2020-10-10,0.8973137766591462
2020-10-11,0.8552163107235354
2020-10-12,0.9063814138935129
2020-10-13,0.9144245830215474
2020-10-14,0.9368584068561463
2020-10-15,0.9496929795131277
2020-10-16,0.942905195780072
2020-10-17,0.9526813371845015
2020-10-18,0.9526813371845015
2020-10-19,0.9526813371845015
2020-10-20,0.9526813371845015
2020-10-21,0.9526813371845015
2020-10-22,0.957191447567525
2020-10-23,0.9649179463781672
2020-10-24,0.9462213773814535
2020-10-25,0.9965953333219207
2020-10-26,1.0302708632170448
2020-10-27,1.0477958139377783
2020-10-28,1.0616329602023855
2020-10-29,1.0751267881150426
2020-10-30,1.0751267881150426
2020-10-31,1.0751267881150426
2020-11-01,1.1047252877094198
2020-11-02,1.1309204127998203
2020-11-03,1.1440842381366092
2020-11-04,1.1161285464879545
2020-11-05,1.1631004761478767
2020-11-06,1.1825515349732452
2020-11-07,1.1710161565141401
2020-11-08,1.1337543539051678
2020-11-09,1.124225744679998
2020-11-10,1.1577728519777108
2020-11-11,1.2069510588018637
2020-11-12,1.2699719648313836
2020-11-13,1.2755603370003692
2020-11-14,1.253338508136728
2020-11-15,1.2479633905428265
2020-11-16,1.2350572699277609
2020-11-17,1.2337365723675773
2020-11-18,1.251049079477469
2020-11-19,1.130432476227734
2020-11-20,1.1362075203308393
2020-11-21,1.0661197138088427
2020-11-22,1.1112103726829567
2020-11-23,1.112329183428482
2020-11-24,1.1036536054555155
2020-11-25,1.1165530854035102
2020-11-26,1.133585873455737
2020-11-27,1.1647826892882172
2020-11-28,1.2136446371901504
2020-11-29,1.2053357161704619
2020-11-30,1.2053357161704619
2020-12-01,1.2053357161704619
2020-12-02,1.2053357161704619
2020-12-03,1.2053357161704619
2020-12-04,1.1554388586453745
2020-12-05,1.10160858717628
2020-12-06,1.1132040148803195
2020-12-07,1.0245964429429637
2020-12-08,1.0245964429429637
2020-12-09,1.0245964429429637
2020-12-10,1.0245964429429637
2020-12-11,1.0245964429429637
2020-12-12,1.0245964429429637
2020-12-13,1.0245964429429637
2020-12-14,1.0234469585167074
2020-12-15,0.968899524564083
2020-12-16,1.0042917460253207
2020-12-17,0.9999173498841675
2020-12-18,0.9927259842330195
2020-12-19,0.9944232927607098
2020-12-20,1.0024469533811604
2020-12-21,1.0722653813214147
2020-12-22,1.0277381991800616
2020-12-23,1.05978164249873
2020-12-24,1.1009115004440868
2020-12-25,1.0750403975445304
2020-12-26,1.0750403975445304
2020-12-27,1.0750403975445304
2020-12-28,1.0750403975445304
2020-12-29,1.0408820509066443
2020-12-30,1.0923133383013126
2020-12-31,1.0585106369824997
2021-01-01,1.009395958237153
2021-01-02,1.06703759948681
2021-01-03,1.083056910586788
2021-01-04,1.018716069161811
2021-01-05,1.1782684700982653
2021-01-06,1.2372115677816784
2021-01-07,1.207781914736567
2021-01-08,1.1263025868957568
2021-01-09,1.2157709053896826
2021-01-10,1.2124152626629578
2021-01-11,1.2193681985372224
2021-01-12,1.160072773875932
2021-01-13,1.1458414921324742
2021-01-14,1.1458414921324742
2021-01-15,1.1458414921324742
2021-01-16,1.1458414921324742
2021-01-17,1.1458414921324742
2021-01-18,1.146483112697494
2021-01-19,1.1390780883993783
2021-01-20,1.1911961585212998
2021-01-21,1.2239957018212972
2021-01-22,1.2078382398026979
2021-01-23,1.2078382398026979
2021-01-24,1.2078382398026979
2021-01-25,1.2078382398026979
2021-01-26,1.2078382398026979
2021-01-27,1.2078382398026979
2021-01-28,1.2078382398026979
2021-01-29,1.2078382398026979
2021-01-30,1.2078382398026979
2021-01-31,1.2078382398026979
2021-02-01,1.256945727383596
2021-02-02,1.2545072706407876
2021-02-03,1.2710540248428956
2021-02-04,1.2710540248428956
2021-02-05,1.2679616021363198
2021-02-06,1.2847319737738967
2021-02-07,1.2858227246845286
2021-02-08,1.2858227246845286
2021-02-09,1.2858227246845286
2021-02-10,1.2858227246845286
2021-02-11,1.2858227246845286
2021-02-12,1.2858227246845286
2021-02-13,1.2858227246845286
2021-02-14,1.2858227246845286
2021-02-15,1.2682834152217086
2021-02-16,1.2878179429021124
2021-02-17,1.2475461976564852
2021-02-18,1.2829811531521054
2021-02-19,1.2829811531521054
2021-02-20,1.2829811531521054
2021-02-21,1.2829811531521054
2021-02-22,1.2829811531521054
2021-02-23,1.2829811531521054
2021-02-24,1.2829811531521054
2021-02-25,1.2829811531521054
2021-02-26,1.2829811531521054
2021-02-27,1.2829811531521054
2021-02-28,1.2829811531521054
2021-03-01,1.2829811531521054
2021-03-02,1.2829811531521054
2021-03-03,1.2829811531521054
2021-03-04,1.2829811531521054
2021-03-05,1.2829811531521054
2021-03-06,1.2829811531521054
2021-03-07,1.2829811531521054
2021-03-08,1.2829811531521054
2021-03-09,1.2829811531521054
2021-03-10,1.2829811531521054
2021-03-11,1.3044519072114078
2021-03-12,1.3470182583555195
2021-03-13,1.3452926276805328
2021-03-14,1.3452926276805328
2021-03-15,1.3452926276805328
2021-03-16,1.3452926276805328
2021-03-17,1.3452926276805328
2021-03-18,1.3452926276805328
2021-03-19,1.3452926276805328
2021-03-20,1.3452926276805328
2021-03-21,1.379924200524263
2021-03-22,1.4354484903702374
2021-03-23,1.4334870062810894
2021-03-24,1.4334870062810894
2021-03-25,1.4334870062810894
2021-03-26,1.4334870062810894
2021-03-27,1.438508872624744
2021-03-28,1.4466520919534116
2021-03-29,1.4647784952784413
2021-03-30,1.4146075912177705
2021-03-31,1.4394376016749908
2021-04-01,1.3588605493949473
2021-04-02,1.3588605493949473
2021-04-03,1.3588605493949473
2021-04-04,1.3588605493949473
2021-04-05,1.3588605493949473
2021-04-06,1.3588605493949473
2021-04-07,1.3588605493949473
2021-04-08,1.3588605493949473
2021-04-09,1.3588605493949473
2021-04-10,1.3588605493949473
2021-04-11,1.3588605493949473
2021-04-12,1.3588605493949473
2021-04-13,1.3588605493949473
2021-04-14,1.3588605493949473
2021-04-15,1.41793558701176
2021-04-16,1.4648970340827774
2021-04-17,1.4682158660987035
2021-04-18,1.4682158660987035
2021-04-19,1.4682158660987035
2021-04-20,1.4682158660987035
2021-04-21,1.4682158660987035
2021-04-22,1.4682158660987035
2021-04-23,1.4682158660987035
2021-04-24,1.4682158660987035
2021-04-25,1.4682158660987035
2021-04-26,1.4503417550533617
2021-04-27,1.4422815065416121
2021-04-28,1.424448090983197
2021-04-29,1.3434679357725314
2021-04-30,1.4228949975008596
2021-05-01,1.4034475398976847
2021-05-02,1.462854716382332
2021-05-03,1.512072116225201
2021-05-04,1.5493062543602396
2021-05-05,1.5581584958825314
2021-05-06,1.5581584958825314
2021-05-07,1.5581584958825314
2021-05-08,1.5581584958825314
2021-05-09,1.5680762408024895
2021-05-10,1.5683225385201494
2021-05-11,1.6240453120579044
2021-05-12,1.6240453120579044
2021-05-13,1.6240453120579044
2021-05-14,1.6240453120579044
2021-05-15,1.6240453120579044
2021-05-16,1.6240453120579044
2021-05-17,1.6240453120579044
2021-05-18,1.6240453120579044
2021-05-19,1.6240453120579044
2021-05-20,1.6240453120579044
2021-05-21,1.6240453120579044
2021-05-22,1.6240453120579044
2021-05-23,1.6240453120579044
2021-05-24,1.6240453120579044
2021-05-25,1.6943015070574845
2021-05-26,1.7205202427110469
2021-05-27,1.7568712544109908
2021-05-28,1.728577144983206
2021-05-29,1.7206327996395185
2021-05-30,1.7163474328160004
2021-05-31,1.7375286813765243
2021-06-01,1.7375286813765243
2021-06-02,1.7507748276423272
2021-06-03,1.775703222240136
2021-06-04,1.7420658735418537
2021-06-05,1.7483226845082263
2021-06-06,1.7601204096070762
2021-06-07,1.7721173478434735
2021-06-08,1.7721173478434735
2021-06-09,1.7721173478434735
2021-06-10,1.7721173478434735
2021-06-11,1.7721173478434735
2021-06-12,1.7823128537784356
2021-06-13,1.7829784332122023
2021-06-14,1.7928337739229745
2021-06-15,1.7695895935788641
2021-06-16,1.7228943367019856
2021-06-17,1.747190233423336
2021-06-18,1.7382099200652532
2021-06-19,1.7343714434598096
2021-06-20,1.7343714434598096
2021-06-21,1.7343714434598096
2021-06-22,1.7343714434598096
2021-06-23,1.7343714434598096
2021-06-24,1.7383082885602508
2021-06-25,1.7184732477283706
2021-06-26,1.710813880303555
2021-06-27,1.731351994495141
2021-06-28,1.7159862008695148
2021-06-29,1.7978862440987946
2021-06-30,1.7115399750980997
2021-07-01,1.7109981893480883
2021-07-02,1.7056344180861218
2021-07-03,1.632684105186411
2021-07-04,1.632070066753034
2021-07-05,1.6239604755234864
2021-07-06,1.6345844463796089
2021-07-07,1.609298824406324
2021-07-08,1.6572445090555135
2021-07-09,1.674367182037303
2021-07-10,1.670209347704449
2021-07-11,1.6508235469023897
2021-07-12,1.6508235469023897
2021-07-13,1.6423526525889354
2021-07-14,1.6385756552178332
2021-07-15,1.6507948446574534
2021-07-16,1.6852754104515166
2021-07-17,1.6820477898240838
2021-07-18,1.7087846412153636
2021-07-19,1.7356979587125225
2021-07-20,1.7356979587125225
2021-07-21,1.7356979587125225
2021-07-22,1.7386490950913758
2021-07-23,1.76656384660621
2021-07-24,1.7179343662882895
2021-07-25,1.713244194880242
2021-07-26,1.6895507341306417
2021-07-27,1.6758667160003298
2021-07-28,1.646955016913716
2021-07-29,1.6475198612935211
2021-07-30,1.7037714489559106
2021-07-31,1.7096689834605194
2021-08-01,1.7595916538263356
2021-08-02,1.772011566120765
2021-08-03,1.7415747877596026
2021-08-04,1.755217101259376
2021-08-05,1.7714119759653233
2021-08-06,1.7954739242805546
2021-08-07,1.8037035019034386
2021-08-08,1.7099781038967885
2021-08-09,1.7476970880664078
2021-08-10,1.8313455851191374
2021-08-11,1.8432969840512938
2021-08-12,1.7709926576650292
2021-08-13,1.8325192929013285
2021-08-14,1.8233371250106152
2021-08-15,1.8049794885605146
2021-08-16,1.801173868026471
2021-08-17,1.7697533522395974
2021-08-18,1.723061652391901
2021-08-19,1.7541821156838058
2021-08-20,1.7710050957582495
2021-08-21,1.7710050957582495
2021-08-22,1.7710050957582495
2021-08-23,1.7710050957582495
2021-08-24,1.7710050957582495
2021-08-25,1.7710050957582495
2021-08-26,1.7710050957582495
2021-08-27,1.7710050957582495
2021-08-28,1.7710050957582495
2021-08-29,1.7710050957582495
2021-08-30,1.7710050957582495
2021-08-31,1.7710050957582495
2021-09-01,1.7710050957582495
2021-09-02,1.7710050957582495
2021-09-03,1.7710050957582495
2021-09-04,1.7710050957582495
2021-09-05,1.7995781134955635
2021-09-06,1.8074518860125757
2021-09-07,1.8552844161202837
2021-09-08,1.8552844161202837
2021-09-09,1.8552844161202837
2021-09-10,1.8552844161202837
2021-09-11,1.8552844161202837
2021-09-12,1.8552844161202837
2021-09-13,1.8552844161202837
2021-09-14,1.8552844161202837
2021-09-15,1.8698414595266233
2021-09-16,1.866086266063016
2021-09-17,1.8260961743597703
2021-09-18,1.833330827968014
2021-09-19,1.853316364286039
2021-09-20,1.853316364286039
2021-09-21,1.853316364286039
2021-09-22,1.853316364286039
2021-09-23,1.8703450635535608
2021-09-24,1.866982676519546
2021-09-25,1.8651272602069402
2021-09-26,1.8651272602069402
2021-09-27,1.8651272602069402
2021-09-28,1.8651272602069402
2021-09-29,1.8651272602069402
2021-09-30,1.8651272602069402
2021-10-01,1.8885684470241662
2021-10-02,1.8878766898556087
2021-10-03,1.8493648177133402
2021-10-04,1.7918145730486323
2021-10-05,1.8367744861865964
2021-10-06,1.8559629498485928
2021-10-07,1.8145870596500044
2021-10-08,1.8429170376399677
2021-10-09,1.8288424538384254
2021-10-10,1.7822365048973114
2021-10-11,1.8087482506923789
2021-10-12,1.7460855499458094
2021-10-13,1.7784927831385162
2021-10-14,1.763565722232216
2021-10-15,1.8217902275683577
2021-10-16,1.9007277577468062
2021-10-17,1.9037777462008632
2021-10-18,1.892750039086554
2021-10-19,1.934587234002057
2021-10-20,1.9251069419121332
2021-10-21,1.913036377625271
2021-10-22,1.913036377625271
2021-10-23,1.913036377625271
2021-10-24,1.913036377625271
2021-10-25,1.913036377625271
2021-10-26,1.8925893760205157
2021-10-27,1.9079014044277152
2021-10-28,1.9560983292108136
2021-10-29,1.99728113857416
2021-10-30,2.00069583052175
2021-10-31,2.0059507766668254
2021-11-01,1.9974867682502764
2021-11-02,1.981907434692468
2021-11-03,1.982962427073101
2021-11-04,1.9862928162844324
2021-11-05,1.979715714464853
2021-11-06,2.013139286346534
2021-11-07,2.0264675668339382
2021-11-08,2.056892545341258
2021-11-09,2.057180531272377
2021-11-10,2.08066034352114
2021-11-11,2.072860957382368
2021-11-12,2.0484552452170743
2021-11-13,2.0641517517759134
2021-11-14,2.0641517517759134
2021-11-15,2.0641517517759134
2021-11-16,2.0641517517759134
2021-11-17,2.0641517517759134
2021-11-18,2.053174774037318
2021-11-19,2.0608540874382193
2021-11-20,2.0884321762747717
2021-11-21,2.253029163827791
2021-11-22,2.214248167933567
2021-11-23,2.2395630256083026
2021-11-24,2.259892100220127
2021-11-25,2.259892100220127
2021-11-26,2.252694284605419
2021-11-27,2.2484736770434384
2021-11-28,2.2405804980423696
2021-11-29,2.2405804980423696
2021-11-30,2.2405804980423696
2021-12-01,2.2405804980423696
2021-12-02,2.2405804980423696
2021-12-03,2.2688871634330603
2021-12-04,2.3322885069894723
2021-12-05,2.3386591380066
2021-12-06,2.3449310811739608
2021-12-07,2.3528707778766766
2021-12-08,2.346685527176713
2021-12-09,2.347456702797325
2021-12-10,2.347456702797325
2021-12-11,2.3475947109474102
2021-12-12,2.342871763842369
2021-12-13,2.3788801576523677
2021-12-14,2.3915276303902773
2021-12-15,2.3861173502601787
2021-12-16,2.355289674203764
2021-12-17,2.3402475917635135
2021-12-18,2.391541249105651
2021-12-19,2.3953908257272514
2021-12-20,2.3816147576377884
2021-12-21,2.42651399714335
2021-12-22,2.473771393272169
2021-12-23,2.464487877069215
2021-12-24,2.4614498781267344
2021-12-25,2.478283676205729
2021-12-26,2.489257474238086
2021-12-27,2.4633074539176856
2021-12-28,2.430367546685908
2021-12-29,2.5230193218558346
2021-12-30,2.545760456049681
2021-12-31,2.5340067234202084
2022-01-01,2.5273440819430615
2022-01-02,2.537131809767275
2022-01-03,2.615697062495833
2022-01-04,2.59744565544091
2022-01-05,2.595905476106737
2022-01-06,2.612633742764043
2022-01-07,2.611003689027946
2022-01-08,2.606706596128691
2022-01-09,2.606706596128691
2022-01-10,2.53252110760154
2022-01-11,2.5881116734734424
2022-01-12,2.5856460378569883
2022-01-13,2.5533446342820674
2022-01-14,2.55252777717024
2022-01-15,2.5567750165416623
2022-01-16,2.6251655584883355
2022-01-17,2.6427098833846614
2022-01-18,2.71072742501814
2022-01-19,2.777151846340376
2022-01-20,2.810238209211824
2022-01-21,2.8023599623249758
2022-01-22,2.7566826592053113
2022-01-23,2.7274609785544985
2022-01-24,2.7422558266321055
2022-01-25,2.742014345680941
2022-01-26,2.785043137204479
2022-01-27,2.7664370205804203
2022-01-28,2.787437928778014
2022-01-29,2.7937478382996566
2022-01-30,2.79365876514888
2022-01-31,2.8116312947620155
2022-02-01,2.8328242663764214
2022-02-02,2.773484282749188
2022-02-03,2.818917339664503
2022-02-04,2.8311945992999212
2022-02-05,2.832503891811465
2022-02-06,2.80901714153051
2022-02-07,2.835880125057995
2022-02-08,2.8411513112979305
2022-02-09,2.8022827335031892
2022-02-10,2.875057111096028
2022-02-11,2.9039024953444232
2022-02-12,2.92638542778812
2022-02-13,2.988880844308474
2022-02-14,2.980003685601097
2022-02-15,2.980003685601097
2022-02-16,2.9962125759694604
2022-02-17,2.971026567720016
2022-02-18,2.9732592117431373
2022-02-19,2.9579032192578203
2022-02-20,2.9579032192578203
2022-02-21,2.9579032192578203
2022-02-22,2.9579032192578203
2022-02-23,2.9579032192578203
2022-02-24,2.9579032192578203
2022-02-25,2.951029522438966
2022-02-26,2.9445952309809744
2022-02-27,2.984299901615917
2022-02-28,2.974706972631028
2022-03-01,2.9187619749303395
2022-03-02,2.9241562396744616
2022-03-03,2.9098269800361964
2022-03-04,2.933575894793989
2022-03-05,2.9425122236316636
2022-03-06,2.96499213997504
2022-03-07,2.9893797843572973
2022-03-08,2.984077401751962
2022-03-09,2.975351807339201
2022-03-10,2.9579066285896207
2022-03-11,2.973647386291201
2022-03-12,2.977551693378979
2022-03-13,2.980208492526107
2022-03-14,2.9854193078039484
2022-03-15,2.997265692597306
2022-03-16,3.0190294353923948
2022-03-17,3.0415067453130358
2022-03-18,3.053222526764343
2022-03-19,3.0773209800847807
2022-03-20,3.0641964765943825
2022-03-21,3.099304624197825
2022-03-22,3.099073598570794
2022-03-23,3.087878558088056
2022-03-24,3.066488613193742
2022-03-25,3.0498272664260715
2022-03-26,3.057768241347463
2022-03-27,3.027364330425371
2022-03-28,3.021391760717863
2022-03-29,3.0119078459142945
2022-03-30,3.0092841620051702
2022-03-31,3.0111471745082037
2022-04-01,3.0538816892190925
2022-04-02,3.0711149678932785
2022-04-03,3.017145233515617
2022-04-04,3.0109903538718306
2022-04-05,3.001999267757375
2022-04-06,3.025158446936957
2022-04-07,3.0232346711382747
2022-04-08,3.031934066396214
2022-04-09,3.0391836450489054
2022-04-10,3.041478127792728
2022-04-11,3.019547117293917
2022-04-12,3.0258169342416257
2022-04-13,3.0258169342416257
2022-04-14,3.0258169342416257
2022-04-15,3.0258169342416257
2022-04-16,3.0258169342416257
2022-04-17,3.0258169342416257
2022-04-18,3.0258169342416257
2022-04-19,3.0258169342416257
2022-04-20,3.0345606875286046
2022-04-21,3.041275667061815
2022-04-22,3.0147730237546835
2022-04-23,3.0157378711704688
2022-04-24,3.0264278126321513
2022-04-25,3.0264278126321513
2022-04-26,3.0264278126321513
2022-04-27,3.0264278126321513
2022-04-28,3.0372244490255245
2022-04-29,3.048240548507889
2022-04-30,3.0425499128436395
2022-05-01,3.0425544605410266
2022-05-02,3.0204762363459423
2022-05-03,3.050425535196035
2022-05-04,3.054258664927846
2022-05-05,3.069155310204394
2022-05-06,3.0388167238051964
2022-05-07,3.052822583219405
2022-05-08,3.0532956294096616
2022-05-09,3.0532956294096616
2022-05-10,3.0532956294096616
2022-05-11,3.0532956294096616
2022-05-12,3.0532956294096616
2022-05-13,3.0532956294096616
2022-05-14,3.0468922812010155
2022-05-15,3.055324641089754
2022-05-16,3.0551240942129074
2022-05-17,3.035203494535782
2022-05-18,3.001843912520309
2022-05-19,3.0152964210218753
2022-05-20,3.0184076573535683
2022-05-21,3.0475959000832926
2022-05-22,3.0323348881248693
2022-05-23,2.992479969179407
2022-05-24,2.9840532783719036
2022-05-25,3.0040908193138707
2022-05-26,3.0903928684794804
2022-05-27,3.122305345042423
2022-05-28,3.141804324242335
2022-05-29,3.1704322303968224
2022-05-30,3.14130793029117
2022-05-31,3.109167808415255
2022-06-01,3.1306274524519675
2022-06-02,3.11537970112892
2022-06-03,3.124287781220081
2022-06-04,3.110190256875991
2022-06-05,3.1273524679013436
2022-06-06,3.152637852533871
2022-06-07,3.1457937663742084
2022-06-08,3.141580307606914
2022-06-09,3.19207004816712
2022-06-10,3.2225889454336563
2022-06-11,3.216797739724525
2022-06-12,3.1921561860196763
2022-06-13,3.2016856526361486
2022-06-14,3.198947404263576
2022-06-15,3.177319853266276
2022-06-16,3.1935647397266775
2022-06-17,3.2201555879262025
2022-06-18,3.2497841746868272
2022-06-19,3.257798383463362
2022-06-20,3.2611143392722792
2022-06-21,3.2747320498942747
2022-06-22,3.2558131925626586
2022-06-23,3.2722145963095843
2022-06-24,3.278382141271652
2022-06-25,3.2598665670090456
2022-06-26,3.2424676257850398
2022-06-27,3.2543644215049303
2022-06-28,3.2739910378174804
2022-06-29,3.276736226178124
2022-06-30,3.2864464857308078
2022-07-01,3.301458218725311
2022-07-02,3.320361881963561
2022-07-03,3.4184915190075937
2022-07-04,3.44318777207028
2022-07-05,3.463474197463196
2022-07-06,3.4972563290584966
2022-07-07,3.5081789821610228
2022-07-08,3.507312525126665
2022-07-09,3.497695222679388
2022-07-10,3.4982680262022368
2022-07-11,3.522424011028566
2022-07-12,3.5142153592437864
2022-07-13,3.3406515598886077
2022-07-14,3.387251683704419
2022-07-15,3.3991545627192528
2022-07-16,3.404950781305413
2022-07-17,3.427907214932691
2022-07-18,3.3838581906192196
2022-07-19,3.3963845247876363
2022-07-20,3.4020125337452796
2022-07-21,3.4383561403878304
2022-07-22,3.437784923909088
2022-07-23,3.5107356024464837
2022-07-24,3.4952254900576176
2022-07-25,3.509211165952311
2022-07-26,3.5197806841579213
2022-07-27,3.5041273601571117
2022-07-28,3.5041273601571117
2022-07-29,3.5005767970641415
2022-07-30,3.4741284226343767
2022-07-31,3.478411376333413
2022-08-01,3.5015101668652497
2022-08-02,3.513265729367536
2022-08-03,3.4991975438421825
2022-08-04,3.495210155159893
2022-08-05,3.495237335362845
2022-08-06,3.491902394005216
2022-08-07,3.4897139757022444
2022-08-08,3.4938508500391956
2022-08-09,3.4861786609689887
2022-08-10,3.46596327546801
2022-08-11,3.456926834326298
2022-08-12,3.449212054032838
2022-08-13,3.4261097440981207
2022-08-14,3.413537205500772
2022-08-15,3.4860778584699905
2022-08-16,3.486025503675217
2022-08-17,3.486025503675217
2022-08-18,3.486025503675217
2022-08-19,3.486025503675217
2022-08-20,3.486025503675217
2022-08-21,3.4925254992301213
2022-08-22,3.4903669005486697
2022-08-23,3.4960062327268657
2022-08-24,3.5014408741610525
2022-08-25,3.506216002672565
2022-08-26,3.2641472436780203
2022-08-27,3.345461631100369
2022-08-28,3.4011975111281934
2022-08-29,3.422057550402142
2022-08-30,3.4215232493535543
2022-08-31,3.4246499007301594
2022-09-01,3.415695418850596
2022-09-02,3.4116943560326694
2022-09-03,3.4214264761795437
2022-09-04,3.3971975539590464
2022-09-05,3.4073866201771574
2022-09-06,3.4487180378372786
2022-09-07,3.4644823754099874
2022-09-08,3.4841096372898748
2022-09-09,3.5159979063693765
2022-09-10,3.5183483448527233
2022-09-11,3.522352255433545
2022-09-12,3.4885271560767426
2022-09-13,3.4683903989497433
2022-09-14,3.496921448567104
2022-09-15,3.509973751525777
2022-09-16,3.477529003596268
2022-09-17,3.477529003596268
2022-09-18,3.477529003596268
2022-09-19,3.477529003596268
2022-09-20,3.477529003596268
2022-09-21,3.477529003596268
2022-09-22,3.477529003596268
2022-09-23,3.4782954897420146
2022-09-24,3.5079669942497973
2022-09-25,3.5047012683369885
2022-09-26,3.514831699150413
2022-09-27,3.518495540880975
2022-09-28,3.6995830359795407
2022-09-29,3.8126722011451584
2022-09-30,3.7802691211060147
2022-10-01,3.854901901468506
2022-10-02,3.8589020366221725
2022-10-03,3.871438257979307
2022-10-04,3.8805344433694438
2022-10-05,3.884655545276412
2022-10-06,3.9125689574747105
2022-10-07,3.910999616146416
2022-10-08,3.916236530311632
2022-10-09,3.911607463743365
2022-10-10,3.9325692838169437
2022-10-11,3.980004005248331
2022-10-12,3.988176345855034
2022-10-13,3.967987959281564
2022-10-14,3.9796543094365084
2022-10-15,3.961118871578162
2022-10-16,4.076318272464241
2022-10-17,4.08135282215918
2022-10-18,4.0859094834244
2022-10-19,4.10102970887248
2022-10-20,4.105765215620837
2022-10-21,4.112967794624915
2022-10-22,4.111934383737222
2022-10-23,4.126439377830745
2022-10-24,4.136254484388464
2022-10-25,4.126130529779494
2022-10-26,4.116173219844099
2022-10-27,4.130310267815992
2022-10-28,4.1241907677029275
2022-10-29,3.99697176931973
2022-10-30,4.034023080519131
2022-10-31,4.030813964238678
2022-11-01,4.041595067212466
2022-11-02,4.026065580811492
2022-11-03,3.964876988070139
2022-11-04,3.982920306692653
2022-11-05,4.013202032856103
2022-11-06,4.015203207378711
2022-11-07,4.025427731784905
2022-11-08,4.037586192900066
2022-11-09,4.048035560581911
2022-11-10,4.048035560581911
2022-11-11,4.048035560581911
2022-11-12,4.048035560581911
2022-11-13,4.048035560581911
2022-11-14,4.048035560581911
2022-11-15,4.0188337728626315
2022-11-16,4.01565410323044
2022-11-17,4.016801208353257
2022-11-18,4.048132950566928
2022-11-19,4.042523322327781
2022-11-20,4.0614198431820405
2022-11-21,4.092542383846041
2022-11-22,4.091880595442133
2022-11-23,4.027018954090599
2022-11-24,4.044776631721628
2022-11-25,4.032056805828429
2022-11-26,4.0289747240192435
2022-11-27,4.039627068552793
2022-11-28,4.031036026145459
2022-11-29,4.056563687085357
2022-11-30,4.069997595958051
2022-12-01,4.050489495316856
2022-12-02,4.043887228047344
2022-12-03,4.038186688074246
2022-12-04,4.032787163449248
2022-12-05,4.039904739323335
2022-12-06,4.045067143153602
2022-12-07,4.037744764472282
2022-12-08,4.028542353400496
2022-12-09,4.015385170706576
2022-12-10,4.082844740458091
2022-12-11,4.076087367535082
2022-12-12,4.057963972416607
2022-12-13,4.086997462969864
2022-12-14,4.067372738859384
2022-12-15,4.0858023556009035
2022-12-16,4.087656524509446
2022-12-17,4.07561385614108
2022-12-18,4.114598090486761
2022-12-19,4.09780823055653
2022-12-20,4.102082870283617
2022-12-21,4.093924292286161
2022-12-22,4.110013063036787
2022-12-23,4.096971239656672
2022-12-24,4.101211559858555
2022-12-25,4.1078291921922325
2022-12-26,4.11027773136334
2022-12-27,4.136810369626712
2022-12-28,4.146776578087797
2022-12-29,4.160289344867986
2022-12-30,4.166425962561592
2022-12-31,4.155247596226145
2023-01-01,4.157547546657513
2023-01-02,4.138547415656919
2023-01-03,4.136981747191885
2023-01-04,4.13766958438662
2023-01-05,4.127289856456267
2023-01-06,4.140403724778852
2023-01-07,4.141341914499847
2023-01-08,4.089406642551714
2023-01-09,4.05014895589462
2023-01-10,4.056399660118787
2023-01-11,4.053754988701876
2023-01-12,4.0567503090050225
2023-01-13,4.022420477513911
2023-01-14,4.037547127913475
2023-01-15,4.018438080772484
2023-01-16,4.019664808039735
2023-01-17,4.042502342006274
2023-01-18,4.047139882740361
2023-01-19,4.042806060812403
2023-01-20,4.0462814820849085
2023-01-21,4.03749161613345
2023-01-22,4.056944590784025
2023-01-23,4.087041280381816
2023-01-24,4.062206425938565
2023-01-25,4.029069211300963
2023-01-26,4.050300474944152
2023-01-27,4.04246618334469
2023-01-28,4.088688068976567
2023-01-29,4.0707833514466625
2023-01-30,4.07570375571243
2023-01-31,4.07970883737698
2023-02-01,4.073731598980029
2023-02-02,4.092754036493688
2023-02-03,4.092754036493688
2023-02-04,4.092754036493688
2023-02-05,4.092754036493688
2023-02-06,4.067397788791295
2023-02-07,4.025107025715291
2023-02-08,4.065883782488545
2023-02-09,4.071221387380213
2023-02-10,4.050499140285789
2023-02-11,4.015633260831179
2023-02-12,4.018838177627972
2023-02-13,4.028237598151943
2023-02-14,4.018463943886983
2023-02-15,4.018463943886983
2023-02-16,4.018463943886983
2023-02-17,4.002965011103295
2023-02-18,4.036813978459122
2023-02-19,4.220079678750971
2023-02-20,4.214917760241634
2023-02-21,4.2116273625641565
2023-02-22,4.178807188702143
2023-02-23,4.193923037292264
2023-02-24,4.190137135115541
2023-02-25,4.194568901042844
2023-02-26,4.194568901042844
2023-02-27,4.193121655384268
2023-02-28,4.202847080111465
2023-03-01,4.187393041467775
2023-03-02,4.185364731555309
2023-03-03,4.2150590012375675
2023-03-04,4.222965177813928
2023-03-05,4.222965177813928
2023-03-06,4.222965177813928
2023-03-07,4.221658692986912
2023-03-08,4.23210834664367
2023-03-09,4.214835221674306
2023-03-10,4.220508515986172
2023-03-11,4.215776692281775
2023-03-12,4.226523819222526
2023-03-13,4.224764022222045
2023-03-14,4.214238263763986
2023-03-15,4.215545146262773
2023-03-16,4.2136797190771675
2023-03-17,4.212150836254307
2023-03-18,4.217909514722674
2023-03-19,4.212315428627535
2023-03-20,4.217088989261988
2023-03-21,4.205073428390736
2023-03-22,4.19977309297782
2023-03-23,4.195964231918384
2023-03-24,4.195964231918384
2023-03-25,4.195964231918384
2023-03-26,4.195964231918384
2023-03-27,4.195964231918384
2023-03-28,4.195964231918384
2023-03-29,4.195964231918384
2023-03-30,4.195964231918384
2023-03-31,4.232716806071737
2023-04-01,4.24029989689322
2023-04-02,4.2385511480616636
2023-04-03,4.256836638215472
2023-04-04,4.275415591053792
2023-04-05,4.283835402426093
2023-04-06,4.285677419157511
2023-04-07,4.308749303804578
2023-04-08,4.308798016305801
2023-04-09,4.275029520391741
2023-04-10,4.3536503709917875
2023-04-11,4.322378363812556
2023-04-12,4.305901130227823
2023-04-13,4.326846783033267
2023-04-14,4.323228639347864
2023-04-15,4.326428724269856
2023-04-16,4.310445960100875
2023-04-17,4.298635742617203
2023-04-18,4.275940526573173
2023-04-19,4.294349738497
2023-04-20,4.290430053037984
2023-04-21,4.2909004505174035
2023-04-22,4.338546321634812
2023-04-23,4.338546321634812
2023-04-24,4.338546321634812
2023-04-25,4.338546321634812
2023-04-26,4.338546321634812
2023-04-27,4.348225935128053
2023-04-28,4.352253971614705
2023-04-29,4.32455395518071
2023-04-30,4.314488407526772
2023-05-01,4.282913906947466
2023-05-02,4.260996097280877
2023-05-03,4.269651567827706
2023-05-04,4.271770569423286
2023-05-05,4.257969022291212
2023-05-06,4.27623980388595
2023-05-07,4.266628416339342
2023-05-08,4.259255772808577
2023-05-09,4.270059806634547
2023-05-10,4.310011566538809
2023-05-11,4.310011566538809
2023-05-12,4.310011566538809
2023-05-13,4.281227106762739
2023-05-14,4.310772984964497
2023-05-15,4.3278496264875175
2023-05-16,4.313785679723491
2023-05-17,4.3232496409785695
2023-05-18,4.340217165385579
2023-05-19,4.345122863820843
2023-05-20,4.350550464196408
2023-05-21,4.363817858948985
2023-05-22,4.36718420181297
2023-05-23,4.357722745142788
2023-05-24,4.35196668977798
2023-05-25,4.347279921346716
2023-05-26,4.31484894313086
2023-05-27,4.3306428890744035
2023-05-28,4.349695912574339
2023-05-29,4.324364367296512
2023-05-30,4.323081546826442
2023-05-31,4.3149123487861
2023-06-01,4.3263582098463225
2023-06-02,4.328848575852315
2023-06-03,4.341328047283131
2023-06-04,4.340044233749442
2023-06-05,4.366623542357416
2023-06-06,4.3384745938874625
2023-06-07,4.3846550948031116
2023-06-08,4.3755521696049495
2023-06-09,4.3833928654627305
2023-06-10,4.3833928654627305
2023-06-11,4.3833928654627305
2023-06-12,4.3833928654627305
2023-06-13,4.376755276689906
2023-06-14,4.374809319397637
2023-06-15,4.382457890466429
2023-06-16,4.3866912259581285
2023-06-17,4.387613859787962
2023-06-18,4.38589420475201
2023-06-19,4.385887967623135
2023-06-20,4.382972927957471
2023-06-21,4.365914039185188
2023-06-22,4.367212801462979
2023-06-23,4.37857901920724
2023-06-24,4.371226203624479
2023-06-25,4.380481355721161
2023-06-26,4.387777622601621
2023-06-27,4.378347439275734
2023-06-28,4.375457617964508
2023-06-29,4.404358948496203
2023-06-30,4.430662178033788
2023-07-01,4.439996903478242
2023-07-02,4.423572748718897
2023-07-03,4.525964761624662
2023-07-04,4.456887125399948
2023-07-05,4.4577223939877895
2023-07-06,4.455904564548492
2023-07-07,4.451018841039837
2023-07-08,4.443496182124889
2023-07-09,4.474713830876792
2023-07-10,4.478731910793499
2023-07-11,4.4661697038293005
2023-07-12,4.447967247551915
2023-07-13,4.431633629440654
2023-07-14,4.425291720998861
2023-07-15,4.439180341501266
2023-07-16,4.451088350095208
2023-07-17,4.378455448192841
2023-07-18,4.397497707528806
2023-07-19,4.406022303565689
2023-07-20,4.396394162194941
2023-07-21,4.396394162194941
2023-07-22,4.379856753119258
2023-07-23,4.340801169359062
2023-07-24,4.392580645825334
2023-07-25,4.395376689082095
2023-07-26,4.411645731485344
2023-07-27,4.476628691168297
2023-07-28,4.482588381053847
2023-07-29,4.483835722536228
2023-07-30,4.484283937248282
2023-07-31,4.486116727772041
2023-08-01,4.466369855182498
2023-08-02,4.456398979850267
2023-08-03,4.460905797289922
2023-08-04,4.46238247386777
2023-08-05,4.490649470467134
2023-08-06,4.52289028663389
2023-08-07,4.553823471242985
2023-08-08,4.540265070431721
2023-08-09,4.551367908249366
2023-08-10,4.522304578866286
2023-08-11,4.550851698285363
2023-08-12,4.563100070563089
2023-08-13,4.577272673056043
2023-08-14,4.591044021587812
2023-08-15,4.595692845815718
2023-08-16,4.586001395129071
2023-08-17,4.589314816817477
2023-08-18,4.581435785464238
2023-08-19,4.581435785464238
2023-08-20,4.581435785464238
2023-08-21,4.581435785464238
2023-08-22,4.581435785464238
2023-08-23,4.581435785464238
2023-08-24,4.574413472848468
2023-08-25,4.56834070462306
2023-08-26,4.5807545687422655
2023-08-27,4.601284457218986
2023-08-28,4.611678025087518
2023-08-29,4.625256287511646
2023-08-30,4.606955928035502
2023-08-31,4.611249432611687
2023-09-01,4.620698535267795
2023-09-02,4.63077181856919
2023-09-03,4.636353098374811
2023-09-04,4.705027066846336
2023-09-05,4.714096004622635
2023-09-06,4.715154036005568
2023-09-07,4.677653298525792
2023-09-08,4.705581437713434
2023-09-09,4.7158320003514635
2023-09-10,4.723253715543018
2023-09-11,4.72467467112444
2023-09-12,4.72939269723226
2023-09-13,4.713202370589695
2023-09-14,4.747958197049661
2023-09-15,4.7899851664384485
2023-09-16,4.785373906727232
2023-09-17,4.791005732647663
2023-09-18,4.79574875379391
2023-09-19,4.80798135321691
2023-09-20,4.812679789647127
2023-09-21,4.78815122991417
2023-09-22,4.797961109536902
2023-09-23,4.80254228917963
2023-09-24,4.797875280831141
2023-09-25,4.793525344328138
2023-09-26,4.817835778573027
2023-09-27,4.848767788820144
2023-09-28,4.755649819479578
2023-09-29,4.76041849020713
2023-09-30,4.75286384689488
2023-10-01,4.7534525589731995
2023-10-02,4.76409074875659
2023-10-03,4.756968430515806
2023-10-04,4.765198529587739
2023-10-05,4.772186470242124
2023-10-06,4.779872433361129
2023-10-07,4.779872433361129
2023-10-08,4.779872433361129
2023-10-09,4.779872433361129
2023-10-10,4.779872433361129
2023-10-11,4.779872433361129
2023-10-12,4.8048811614539995
2023-10-13,4.752979967520797
2023-10-14,4.635930049255184
2023-10-15,4.663900176865531
2023-10-16,4.6770173530581385
2023-10-17,4.6711624149738
2023-10-18,4.673524301058456
2023-10-19,4.6820598322814915
2023-10-20,4.684729247190562
2023-10-21,4.675917181981257
2023-10-22,4.679120828177585
2023-10-23,4.694055905171414
2023-10-24,4.720281832979904
2023-10-25,4.703040961554397
2023-10-26,4.673277219703311
2023-10-27,4.664081083006919
2023-10-28,4.670471325917491
2023-10-29,4.67988882649842
2023-10-30,4.680074816090247
2023-10-31,4.721128586728484
2023-11-01,4.702734699108685
2023-11-02,4.693509204586015
2023-11-03,4.688417412937728
2023-11-04,4.683118608824648
2023-11-05,4.676152930887379
2023-11-06,4.676152930887379
2023-11-07,4.676152930887379
2023-11-08,4.674432661908839
2023-11-09,4.629209529740455
2023-11-10,4.60062511624757
2023-11-11,4.643595476324798
2023-11-12,4.730378562672065
2023-11-13,4.7182702928843145
2023-11-14,4.711204641097837
2023-11-15,4.709602849865773
2023-11-16,4.708342261813136
2023-11-17,4.708342261813136
2023-11-18,4.708342261813136
2023-11-19,4.724009578194711
2023-11-20,4.708882957043695
2023-11-21,4.676478449874136
2023-11-22,4.671923343550805
2023-11-23,4.671923343550805
2023-11-24,4.716635235817777
2023-11-25,4.7295325340669
2023-11-26,4.715101893569823
2023-11-27,4.713930555748198
2023-11-28,4.714256349649192
2023-11-29,4.707160623140559
2023-11-30,4.703836616097781
2023-12-01,4.701396183491209
2023-12-02,4.699439363563649
2023-12-03,4.699439363563649
2023-12-04,4.706163538805066
2023-12-05,4.713219103942127
2023-12-06,4.709392910925356
2023-12-07,4.710299424904095
2023-12-08,4.743517523363544
2023-12-09,4.763196594360164
2023-12-10,4.750528945984061
2023-12-11,4.743469747331951
2023-12-12,4.711715614952241
2023-12-13,4.746419172064081
2023-12-14,4.75296306376936
2023-12-15,4.747445831841441
2023-12-16,4.757794305866523
2023-12-17,4.762663742437937
2023-12-18,4.762663742437937
2023-12-19,4.762663742437937
2023-12-20,4.762663742437937
2023-12-21,4.762663742437937
2023-12-22,4.762663742437937
2023-12-23,4.762663742437937
2023-12-24,4.7723347735927595
2023-12-25,4.796070535177421
2023-12-26,4.8313204068100895
2023-12-27,4.815547429598502
2023-12-28,4.823266812203976
2023-12-29,4.817292372067166
2023-12-30,4.793235350091598
2023-12-31,4.792388835260277
